
ij => 0x133
eng => 0x14b
oe => 0x153
afraktur => 0x1d51e
bfraktur => 0x1d51f
cfraktur => 0x1d520
dfraktur => 0x1d521
efraktur => 0x1d522
ffraktur => 0x1d523
gfraktur => 0x1d524
hfraktur => 0x1d525
ifraktur => 0x1d526
jfraktur => 0x1d527
kfraktur => 0x1d528
lfraktur => 0x1d529
mfraktur => 0x1d52a
nfraktur => 0x1d52b
ofraktur => 0x1d52c
pfraktur => 0x1d52d
qfraktur => 0x1d52e
rfraktur => 0x1d52f
sfraktur => 0x1d530
tfraktur => 0x1d531
ufraktur => 0x1d532
vfraktur => 0x1d533
wfraktur => 0x1d534
xfraktur => 0x1d535
yfraktur => 0x1d536
zfraktur => 0x1d537
euro => 0x20ac
trademark => 0x2122
aleph => 0x2135
beth => 0x2136
gimel => 0x2137
daleth => 0x2138
mercury => 0x263f
jupiter => 0x2643
saturn => 0x2644
neptune => 0x2646
alpha => 0x3b1
beta => 0x3b2
gamma => 0x3b3
delta => 0x3b4
epsilon => 0x3b5
zeta => 0x3b6
eta => 0x3b7
theta => 0x3b8
iota => 0x3b9
kappa => 0x3ba
lambda => 0x3bb
mu => 0x3bc
nu => 0x3bd
xi => 0x3be
omicron => 0x3bf
pi => 0x3c0
rho => 0x3c1
sigma => 0x3c3
tau => 0x3c4
upsilon => 0x3c5
phi => 0x3c6
chi => 0x3c7
psi => 0x3c8
omega => 0x3c9
gh => 0x433
ie => 0x435
zh => 0x436
ha => 0x445
kh => 0x445
ts => 0x446
ch => 0x447
sh => 0x448
shch => 0x449
yu => 0x44e
ya => 0x44f
io => 0x451
dje => 0x452
gje => 0x453
dse => 0x455
dze => 0x455
yi => 0x457
je => 0x458
lje => 0x459
nje => 0x45a
tsh => 0x45b
tshe => 0x45b
kje => 0x45c
cents => 0xa2
ukpound => 0xa3
yen => 0xa5
copyright => 0xa9
degree => 0xb0
ss => 0xdf
ae => 0xe6
eth => 0xf0
ff => 0xfb00
fi => 0xfb01
fl => 0xfb02
ffi => 0xfb03
ffl => 0xfb04
thorn => 0xfe
abetter => abettor
abetters => abettor
ablebodied => able bodied
ablebody => able body
buqayq => abqaiq
absentminded => absent minded
aspirin => acetylsalicylic acid
aspirins => acetylsalicylic acid
acknowledgement => acknowledgment
acknowledgements => acknowledgment
acroosteolysis => acro osteolysis
a.d. => ad
adlib => ad lib
adenocarcinoma => adeno carcinoma
adz => adze
a.e.c. => aec
affaire => affair
afghanestan => afghanistan
aftereffect => after effect
aftereffects => after effect
afterthought => after thought
afterthoughts => after thought
a.g. => ag
ageing => aging
agonise => agonize
agonised => agonized
agonises => agonizes
agonising => agonizing
ahvaz => ahwaz
airbase => air base
aircondition => air condition
airconditioned => air conditioned
airconditioning => air conditioning
airconditions => air conditions
aircraft => air craft
aircrafts => air craft
airline => air line
airlines => air line
airliner => air liner
airliners => air liner
airport => air port
airports => air port
airtight => air tight
aeroplane => airplane
albumen => albumin
albumens => albumin
aleksandr => alexander
alinement => alignment
alright => all right
a.l.r. => alr
aluminium => aluminum
amenorrhoea => amenorrhea
ameba => amoeba
amebas => amoeba
amebocyte => amoebocyte
amphitheatre => amphitheater
ampule => ampoule
ampoules => ampoule
ampul => ampoule
amok => amuck
amoks => amuck
analogue => analog
analyses => analysis
analyse => analyze
analysed => analyzed
analyser => analyzer
analysers => analyzer
analysing => analyzing
anatoli => anatoly
anaemia => anemia
anaemias => anemia
anaemic => anemic
anaesthesia => anesthesia
anaesthetic => anesthetic
anaesthetist => anesthetist
anaesthetize => anesthetize
anaesthetized => anesthetized
anaesthetizes => anesthetizes
anaesthetizing => anesthetizing
angiographic => angio graphic
angioimmunoblastic => angio immunoblastic
angiotensin => angio tensin
anglicise => anglicize
anglicised => anglicized
anglicises => anglicizes
anglicising => anglicizing
anhwei => anhui
angora => ankara
annexe => annex
anulus => annulus
anon => anonymous
antagonise => antagonize
antagonised => antagonized
antagonises => antagonizes
antagonising => antagonizing
antechamber => ante chamber
antechambers => ante chamber
antedate => ante date
antedated => ante dated
antedates => ante dates
antedating => ante dating
anteroom => ante room
anterooms => ante room
antennae => antenna
anteroposterior => antero posterior
antibacterial => anti bacterial
antibiotic => anti biotic
antibiotics => anti biotic
antibodies => anti body
antibody => anti body
antifreeze => anti freeze
antifreezes => anti freeze
antigravity => anti gravity
antimagnetic => anti magnetic
antimatter => anti matter
antiparticle => anti particle
antiparticles => anti particle
antiproton => anti proton
antiprotons => anti proton
antiserum => anti serum
antiserums => anti serum
antisocial => anti social
antitoxin => anti toxin
antitoxins => anti toxin
antitussive => anti tussive
antwerp => antwerpen
anvers => antwerpen
macao => aomen
apices => apex
apologise => apologize
apologised => apologized
apologises => apologizes
apologising => apologizing
appal => appall
appaled => appalled
appaling => appalling
appendices => appendix
apprize => apprise
apprized => apprised
apprizer => appriser
apprizer => apprisers
apprizes => apprises
apprizing => apprising
apr => april
aqualung => aqua lung
arbour => arbor
arbours => arbor
arboured => arbored
armour => armor
armoured => armored
armourer => armorer
armourers => armorer
armouring => armoring
armours => armors
armouries => armory
armoury => armory
a.r.r. => arr
arteriovenous => arterio venous
artefact => artifact
arthur => artur
asbesto => asbestos
asbestus => asbestos
assab => aseb
athen => athenai
athinai => athenai
atomisation => atomization
atomise => atomize
atomised => atomized
atomises => atomizes
atomising => atomizing
aug => august
osterreich => austria
authorisation => authorization
authorise => authorize
authorised => authorized
authorises => authorizes
authorising => authorizing
autoracing => auto racing
autoworker => auto worker
automaton => automata
ave => avenue
ax => axe
axes => axis
babysit => baby sit
babysitting => baby sitting
backstroke => back stroke
backstrokes => back stroke
backstroking => back stroking
backyard => back yard
backyards => back yard
bahrayn => bahrain
bahrein => bahrain
baulk => balk
baulked => balked
baulking => balking
baulks => balks
ballplayer => ball player
ballplayers => ball player
paotou => baotou
barbecue => barbeque
barbecues => barbeque
barbecued => barbequed
barbecuing => barbequing
baseball => base ball
baseballs => base ball
basle => basel
basketball => basket ball
basketballs => basket ball
basra => basrah
bastardisation => bastardization
bastardise => bastardize
bastardised => bastardized
bastardises => bastardizes
bastardising => bastardizing
bedevilled => bedeviled
bedevilling => bedeviling
behaviour => behavior
behavioural => behavioral
peking => beijing
bayrut => beirut
beyrouth => beirut
belgrad => belgrade
belograd => belgrade
pengpu => bengbu
bern => berne
b.f.p. => bfp
bifocal => bi focal
bifocals => bi focal
bilateral => bi lateral
bilingual => bi lingual
bimonthlies => bi monthly
bimonthly => bi monthly
bipartisan => bi partisan
biquarterly => bi quarterly
biracial => bi racial
bisexual => bi sexual
bisexuals => bi sexual
biweeklies => bi weekly
biweekly => bi weekly
biyearlies => bi yearly
biyearly => bi yearly
biassed => biased
biassing => biasing
birthrate => birth rate
birthrates => birth rate
blackout => black out
blackouts => black out
bloc => block
blond => blonde
bloodsucker => blood sucker
bloodsuckers => blood sucker
blowout => blow out
blowouts => blow out
bobsled => bob sled
bobsleds => bob sled
bodyguard => body guard
bodyguards => body guard
bogy => bogey
bookkeeper => book keeper
bookkeepers => book keeper
bookkeeping => book keeping
bowlegged => bow legged
bowdlerisation => bowdlerization
bowdlerise => bowdlerize
bowdlerised => bowdlerized
bowdlerises => bowdlerizes
bowdlerising => bowdlerizing
boyfriend => boy friend
boyfriends => boy friend
brahman => brahmin
brahmans => brahmin
brainwash => brain wash
brainwashed => brain washed
brainwasher => brain washer
brainwashers => brain washer
brainwashes => brain washes
brainwashing => brain washing
breakdown => break down
breakdowns => break down
breakin => break in
breakins => break in
breakup => break up
breakups => break up
wroclaw => breslau
brier => briar
briers => briar
brownout => brown out
brownouts => brown out
brunet => brunette
brusk => brusque
brussel => brussels
bruxelles => brussels
brutalisation => brutalization
brutalise => brutalize
brutalised => brutalized
brutalises => brutalizes
brutalising => brutalizing
b.t.a. => bta
bucuresti => bucharest
buildup => build up
buildups => build up
blgariya => bulgaria
bulletproof => bullet proof
bulletproofed => bullet proofed
bulletproofing => bullet proofing
bulletproofs => bullet proofs
bur => burr
bushire => bushehr
businesslike => business like
bypass => by pass
bypasses => by pass
bypassed => by passed
bypassing => by passing
byproduct => by product
byproducts => by product
bystander => by stander
bystanders => by stander
byway => by way
byways => by way
cacti => cactus
caeca => caecum
ceca => caecum
cecum => caecum
caesarean => caesarian
cesarean => caesarian
calibre => caliber
calibres => caliber
calix => calyx
camellia => camelia
camellias => camelia
cameroun => cameroon
cancelled => canceled
canceller => canceler
cancelling => canceling
candour => candor
candours => candor
cantaloup => cantalope
cantaloupe => cantalope
capitalisation => capitalization
capitalise => capitalize
capitalised => capitalized
capitalises => capitalizes
capitalising => capitalizing
carpool => car pool
carpools => car pool
carpooled => car pooled
carpooler => car pooler
carpoolers => car pooler
carpooling => car pooling
carbohydrate => carbo hydrate
carbohydrates => carbo hydrate
carburetor => carburettor
carburetter => carburettor
carcase => carcass
carcases => carcass
carcasses => carcass
cardiopulmonary => cardio pulmonary
cardiovascular => cardio vascular
carefree => care free
caretaker => care taker
caretakers => care taker
catalogue => catalog
categorisation => categorization
categorise => categorize
categorised => categorized
categorises => categorizes
categorising => categorizing
cavilled => caviled
caviller => caviler
cavillers => caviler
cavilling => caviling
c.b. => cb
c.a. => cca
c.c.p.a. => ccpa
ceasefire => cease fire
cellmate => cell mate
centre => center
centres => center
centred => centered
centreing => centering
centigramme => centigram
centigrammes => centigram
centilitre => centiliter
centilitres => centiliter
centimetre => centimeter
centimetres => centimeter
centralisation => centralization
centralise => centralize
centralised => centralized
centraliser => centralizer
centralises => centralizes
centralising => centralizing
cephalosporin => cephalo sporin
cert => certiorari
cervicofacial => cervico facial
cervicovaginal => cervico vaginal
cervices => cervix
c.f.r. => cfr
zhai => chai
yangtse => chang
zhang => chang
changeover => change over
changeovers => change over
zhao => chao
chaodian => chaotien
chaotian => chaotien
zhaodian => chaotien
zhaotian => chaotien
chaperon => chaperone
characterisation => characterization
characterise => characterize
characterised => characterized
characterises => characterizes
characterising => characterizing
chateau => chateaus
chateaux => chateaus
cheque => check
cheques => check
checklist => check list
checklists => check list
checkup => check up
checkups => check up
chequed => checked
chequer => checker
chequers => checker
chequered => checkered
chequering => checkering
chequeing => checking
chequing => checking
zhen => chen
chenjie => chenchieh
chenqie => chenchieh
zhenjie => chenchieh
zhenqie => chenchieh
zhengfang => chenfang
zheng => cheng
chengzhi => chengchih
chengtu => chengdu
chengrong => chengjung
zhengrong => chengjung
zhengwu => chengwu
zhengying => chengying
zhenhua => chenhua
zhenlin => chenlin
zhenming => chenming
chengcao => chenstsao
chengzao => chenstsao
zhengcao => chenstsao
zhengzao => chenstsao
jiahan => chiahan
qiahan => chiahan
jiang => chiang
qiang => chiang
jiangun => chiangun
qiangun => chiangun
jiao => chiao
qiao => chiao
jiaomu => chiaomu
qiaomu => chiaomu
jiadao => chiatao
jiatao => chiatao
qiadao => chiatao
qiatao => chiatao
jiadun => chiatun
jiatun => chiatun
qiadun => chiatun
qiatun => chiatun
jicheng => chicheng
jizheng => chicheng
qicheng => chicheng
qizheng => chicheng
jijing => chiching
jiqing => chiching
qijing => chiching
qiqing => chiching
qie => chieh
jianxun => chienhsun
qianxum => chienhsun
jianren => chienjen
qianren => chienjen
jianying => chienying
zhi => chih
chifu => chihfu
zhifu => chihfu
chigao => chihkao
chikao => chihkao
zhigao => chihkao
zhikao => chihkao
zhiguang => chihkuan
chiguang => chihkuang
chikuang => chihkuang
zhikuang => chihkuang
chiyong => chihyung
zhiyong => chihyung
children => child
childbearing => child bearing
jilong => chilung
qilong => chilung
chimaera => chimera
chimaeras => chimera
chonghua => china
chunghua => china
zhonghua => china
jingchuan => chingchuan
jingjuan => chingchuan
jingquan => chingchuan
jingzhuan => chingchuan
qingchuan => chingchuan
qingjuan => chingchuan
qingquan => chingchuan
qingzhuan => chingchuan
jingfu => chingfu
jingguang => chingkuang
jingkuang => chingkuang
qingguang => chingkuang
qingkuang => chingkuang
jingguo => chingkuo
jingkuo => chingkuo
qingguo => chingkuo
qingkuo => chingkuo
jingling => chingling
qingling => chingling
jingsheng => chingsheng
qingsheng => chingsheng
jingwan => chingwan
qingwan => chingwan
jingwen => chingwen
qingwen => chingwen
jingyao => chingyao
qingyao => chingyao
jingyan => chingyen
qingyan => chingyen
jinhua => chinhua
qinhua => chinhua
jinwu => chinwu
qinwu => chinwu
jiuli => chiuli
qiuli => chiuli
chuo => cho
zhuo => cho
chungking => chongqing
choroid => chorioid
zhou => chou
chromatographic => chromato graphic
qu => chu
zhu => chu
chuancuo => chuantso
chuanzuo => chuantso
juancuo => chuantso
juanzuo => chuantso
quancuo => chuantso
quanzuo => chuantso
zhuancuo => chuantso
zhuanzuo => chuantso
juewen => chuehwen
quewen => chuehwen
chunjiao => chunchiao
chunqiao => chunchiao
junjiao => chunchiao
junqiao => chunchiao
qunjiao => chunchiao
qunqiao => chunchiao
zhunjiao => chunchiao
zhunqiao => chunchiao
chunjie => chunchieh
chunqie => chunchieh
junjie => chunchieh
junqie => chunchieh
qunjie => chunchieh
qunqie => chunchieh
zhunjie => chunchieh
zhunqie => chunchieh
chong => chung
zhong => chung
chongxun => chunghsun
zhongxun => chunghsun
junlin => chunlin
qunlin => chunlin
zhunlin => chunlin
junsheng => chunsheng
qunsheng => chunsheng
zhunsheng => chunsheng
junyi => chunyi
qunyi => chunyi
zhunyi => chunyi
c.i.a. => cia
c.i.f. => cif
cigaret => cigarette
cypher => cipher
cyphers => cipher
cyphered => ciphered
cyphering => ciphering
circularisation => circularization
circularise => circularize
circularised => circularized
circulariser => circularizer
circularisers => circularizer
circularises => circularizes
circularising => circularizing
citywide => city wide
civilisation => civilization
civilise => civilize
civilised => civilized
civilises => civilizes
civilising => civilizing
clamour => clamor
clamoured => clamored
clamouring => clamoring
clamours => clamors
clangour => clangor
clangours => clangor
clangoured => clangored
cleanup => clean up
cleanups => clean up
clockwise => clock wise
cloudburst => cloud burst
cloudbursts => cloud burst
clubfeet => club foot
clubfoot => club foot
clubfooted => club footed
coauthor => co author
coauthors => co author
cochairman => co chairman
coed => co ed
coeds => co ed
coeducation => co education
coefficient => co efficient
coefficients => co efficient
coequal => co equal
coequals => co equal
coexist => co exist
coexisted => co existed
coexistence => co existence
coexisting => co existing
coexists => co exists
coextensive => co extensive
cohabitant => co habitant
cohabitants => co habitant
cohabitate => co habitate
cohabitates => co habitates
cohabitation => co habitation
coheir => co heir
coheirs => co heir
coheiress => co heiress
coheiresses => co heiress
coinsure => co insure
coinsured => co insured
coinsurer => co insurer
coinsurers => co insurer
coinsures => co insures
coinsuring => co insuring
coop => co op
coops => co op
cooped => co oped
cooperate => co operate
cooperated => co operated
cooperates => co operates
cooperating => co operating
cooperation => co operation
cooperations => co operation
cooperative => co operative
cooperatives => co operative
cooping => co oping
cooption => co option
cooptions => co option
coordinate => co ordinate
coordinates => co ordinate
coordinated => co ordinated
coordinating => co ordinating
coordination => co ordination
coordinations => co ordination
cosign => co sign
cosignatories => co signatory
cosignatory => co signatory
cosigned => co signed
cosigner => co signer
cosigners => co signer
cosigning => co signing
cosigns => co signs
cotenancy => co tenancy
cotenant => co tenant
cotenants => co tenants
coworker => co worker
coworkers => co worker
coastline => coast line
coastlines => coast line
koblenz => coblenz
coccyges => coccyx
c.o.d. => cod
codices => codex
celiac => coeliac
collarbone => collar bone
collarbones => collar bone
koelln => cologne
koln => cologne
colonialisation => colonialization
colonialise => colonialize
colonialised => colonialized
colonialises => colonializes
colonialising => colonializing
colonisation => colonization
colonise => colonize
colonised => colonized
colonises => colonizes
colonising => colonizing
colour => color
colours => color
colorblind => color blind
coloured => colored
colourer => colorer
colouring => coloring
commercialisation => commercialization
commercialise => commercialize
commercialised => commercialized
commercialises => commercializes
commercialising => commercializing
computerisation => computerization
computerise => computerize
computerised => computerized
computerises => computerizes
computerising => computerizing
confidant => confidante
conjurer => conjuror
conjurers => conjuror
connexion => connection
connexions => connection
containerise => containerize
containerised => containerized
containerises => containerizes
containerising => containerizing
continentwide => continent wide
comptroller => controller
comptrollers => controller
kjobenhavn => copenhagen
kobenhavn => copenhagen
cornerstone => corner stone
cornerstones => corner stone
corpus => corpora
cortices => cortex
corticosteroid => cortico steroid
cozies => cozy
cosy => cozy
councillor => councilor
councillors => councilor
counselled => counseled
counselling => counseling
counsellor => counselor
counsellors => counselor
countdown => count down
countdowns => count down
counterattack => counter attack
counterattacks => counter attack
counterattacked => counter attacked
counterattacking => counter attacking
counterclaim => counter claim
counterclaims => counter claim
counterclaimed => counter claimed
counterclaiming => counter claiming
counterirritant => counter irritant
counterirritants => counter irritant
countryside => country side
countrywide => country wide
courthouse => court house
courthouses => court house
courtmartial => court martial
courtroom => court room
courtrooms => court room
courtyard => court yard
courtyards => court yard
coverup => cover up
coverups => cover up
c.p.a. => cpa
c.p.l. => cpl
c.p.l.r. => cplr
crackup => crack up
crackups => crack up
krakow => cracow
craniocerebral => cranio cerebral
crenellate => crenelate
crenellated => crenelated
crenellates => crenelates
crenellation => crenelation
crenellations => crenelation
kriti => crete
crises => crisis
crisscross => criss cross
crisscrossed => criss crossed
crisscrosses => criss crosses
crisscrossing => criss crossing
criterion => criteria
criticisable => criticizable
criticise => criticize
criticised => criticized
criticiser => criticizer
criticisers => criticizer
criticises => criticizes
criticising => criticizing
crossbar => cross bar
crossbars => cross bar
crosscountries => cross country
crosscountry => cross country
crosscurrent => cross current
crosscurrents => cross current
crossexamine => cross examine
crossexamines => cross examines
crosseye => cross eye
crosseyed => cross eyed
crossfertilize => cross fertilize
crossfertilizes => cross fertilizes
crossfile => cross file
crossindex => cross index
crossindices => cross index
crossindexes => cross indexes
crossover => cross over
crossovers => cross over
crosspatch => cross patch
crosspatches => cross patch
crossreference => cross reference
crossroad => cross road
crossroads => cross road
crosstie => cross tie
crossties => cross tie
crosstown => cross town
crosswalk => cross walk
crosswalks => cross walk
crossway => cross way
crossways => cross way
crossword => cross word
crosswords => cross word
crystallisation => crystallization
crystallise => crystallize
crystallised => crystallized
crystallises => crystallizes
crystallising => crystallizing
kerb => curb
kerbs => curb
kerbed => curbed
kerbing => curbing
curtsey => curtsy
curtseying => curtsying
cutoff => cut off
cutoffs => cut off
cyclopaedia => cyclopedia
kypros => cyprus
ceskoslovenska => czechoslovakia
d.a. => da
dak => dakota
dimashq => damascus
tang => dang
tangs => dang
tanged => danged
dantzig => danzig
gdansk => danzig
taching => daqing
darius => darioush
darkroom => dark room
darkrooms => dark room
dateline => date line
datelines => date line
datelined => date lined
datelining => date lining
daylong => day long
daytime => day time
daytimes => day time
tachai => dazhai
debrief => de brief
debriefing => de briefing
debriefings => de briefing
debriefs => de briefs
deadend => dead end
deadline => dead line
deadlines => dead line
deadlock => dead lock
deadlocks => dead lock
deadlocked => dead locked
deadlocking => dead locking
deathbed => death bed
deathbeds => death bed
deathblow => death blow
deathblows => death blow
deathrate => death rate
deathrattle => death rattle
decalogue => decalog
dec => december
decentralisation => decentralization
decentralise => decentralize
decentralised => decentralized
decentralises => decentralizes
decentralising => decentralizing
decigramme => decigram
decigrammes => decigram
decilitre => deciliter
decilitres => deciliter
decimetre => decimeter
decimetres => decimeter
decypher => decipher
decyphers => decipher
decyphered => deciphered
decyphering => deciphering
deemphasised => deemphasized
deepfreeze => deep freeze
deepsea => deep sea
defaecation => defecation
defence => defense
defences => defense
dehumanisation => dehumanization
dehumanise => dehumanize
dehumanised => dehumanized
dehumanises => dehumanizes
dehumanising => dehumanizing
dekagramme => dekagram
dekalitre => dekaliter
dekametre => dekameter
demeanour => demeanor
demilitarisation => demilitarization
demilitarise => demilitarize
demilitarised => demilitarized
demilitarises => demilitarizes
demilitarising => demilitarizing
demobilisation => demobilization
demobilise => demobilize
demobilised => demobilized
demobilises => demobilizes
demythologisation => demythologization
demythologise => demythologize
demythologised => demythologized
demythologises => demythologizes
demythologising => demythologizing
danmark => denmark
dependant => dependent
desensitisation => desensitization
desensitise => desensitize
desensitised => desensitized
desensitises => desensitizes
desensitising => desensitizing
zahran => dhahran
dhufar => dhofar
diaghilev => diaghileff
diagnoses => diagnosis
dialog => dialogue
dialyses => dialysis
dialyse => dialyze
dialysed => dialyzed
dialyser => dialyzer
diarrhea => diarrhoea
diehard => die hard
diehards => die hard
dietician => dietitian
dieticians => dietitian
dinnertime => dinner time
discolour => discolor
discoloured => discolored
discolouring => discoloring
discolours+a989 => discolors
disc => disk
discs => disk
disced => disked
discing => disking
despatch => dispatch
despatches => dispatch
despatched => dispatched
despatcher => dispatcher
despatchers => dispatcher
despatching => dispatching
d.o.d. => dod
dawhah => doha
pudai => dor
dostoevski => dostoevsky
d.o.t. => dot
downgrade => down grade
downgraded => down graded
downgrades => down grades
downgrading => down grading
dtp => dpt
draught => draft
draughts => draft
draughted => drafted
draughting => drafting
draughtsman => draftsman
dramatisation => dramatization
dramatise => dramatize
dramatised => dramatized
dramatises => dramatizes
dramatising => dramatizing
drugstore => drug store
drugstores => drug store
drier => dryer
driers => dryer
duelling => dueling
dueller => duelist
duellers => duelist
duellist => duelist
duellists => duelist
dulness => dullness
dunkerque => dunkirk
duodenojejunal => duodeno jejunal
earache => ear ache
earaches => ear ache
eardrum => ear drum
eardrums => ear drum
earphone => ear phone
earphones => ear phone
earring => ear ring
earrings => ear ring
ectoenzyme => ecto enzyme
aegophony => egophony
8 => eight
18 => eighteen
18th => eighteenth
8th => eighth
80th => eightieth
ecg => ekg
electrocardiogram => electro cardiogram
electrocardiograms => electro cardiogram
11 => eleven
11th => eleventh
ellipsis => ellipses
helsingor => elsinore
emphasise => emphasize
emphasised => emphasized
emphasiser => emphasizer
emphasises => emphasizes
emphasising => emphasizing
employe => employee
enamour => enamor
enamoured => enamored
enamouring => enamoring
enamours => enamors
encyclopaedia => encyclopedia
encyclopaedic => encyclopedic
endeavour => endeavor
endeavours => endeavor
endeavoured => endeavored
endeavouring => endeavoring
endocardium => endo cardium
enemata => enema
energise => energize
energised => energized
energiser => energizer
energises => energizes
energising => energizing
enrol => enroll
enroled => enrolled
enroling => enrolling
enrolment => enrollment
enrols => enrolls
enthral => enthrall
enthrals => enthrall
enthraled => enthralled
enthraling => enthralling
e.o. => eo
epaulet => epaulette
epilogue => epilog
epitomise => epitomize
epitomised => epitomized
epitomises => epitomizes
epitomising => epitomizing
e.p.t.l. => eptl
equalled => equaled
equalling => equaling
equalisation => equalization
equalise => equalize
equalised => equalized
equaliser => equalizer
equalises => equalizes
equalising => equalizing
isfahan => esfahan
esophagal => esophageal
oesophagal => esophageal
oesophageal => esophageal
oestrogen => estrogen
oestrous => estrous
aetiolation => etiolation
aetiologic => etiologic
aetiological => etiological
aetiologist => etiologist
aetiology => etiology
everyday => every day
everyone => every one
everything => every thing
excommunicate => ex communicate
excommunicated => ex communicated
excommunicates => ex communicates
excommunicating => ex communicating
excommunication => ex communication
excommunications => ex communication
exconvict => ex convict
exconvicts => ex convict
expropriate => ex propriate
expropriated => ex propriated
expropriates => ex propriates
expropriating => ex propriating
expropriation => ex propriation
extracellular => extra cellular
extracerebral => extra cerebral
extracontinental => extra continental
extracorporeal => extra corporeal
extracurricular => extra curricular
extrafamiliar => extra familiar
extragovernmental => extra governmental
extrajudicial => extra judicial
extralegal => extra legal
extramural => extra mural
extranuclear => extra nuclear
extraordinary => extra ordinary
extrasensory => extra sensory
eyestrain => eye strain
eyewash => eye wash
eyewashes => eye wash
eyewitness => eye witness
eyewitnesses => eye witness
eying => eyeing
f.a.a. => faa
f.a.a.a. => faaa
factfinding => fact finding
fallout => fall out
fallouts => fall out
familiarisation => familiarization
familiarise => familiarize
familiarised => familiarized
familiarises => familiarizes
familiarising => familiarizing
faraway => far away
farflung => far flung
farsighted => far sighted
favour => favor
favours => favor
favourability => favorability
favourable => favorable
favoured => favored
favourer => favorer
favourers => favorer
favouring => favoring
favourite => favorite
favouritism => favoritism
f.b.i. => fbi
f.c.c. => fcc
f.d.a. => fda
f.d.i.c. => fdic
feb => february
faece => feces
faeces => feces
fengchi => fengji
fengchih => fengji
fengqi => fengji
fengzhi => fengji
fertilisation => fertilization
fertilise => fertilize
fertilised => fertilized
fertiliser => fertilizer
fertilisers => fertilizer
fertilises => fertilizes
fertilising => fertilizing
foetal => fetal
foetid => fetid
foetus => fetus
foetuses => fetus
fibre => fiber
fibres => fiber
fibreglass => fiberglass
fibreoptics => fiberoptics
f.i.c.a. => fica
15 => fifteen
15th => fifteenth
5th => fifth
50th => fiftieth
filmstrip => film strip
filmstrips => film strip
fingernail => finger nail
fingernails => finger nail
fingerprint => finger print
fingerprints => finger print
fingerprinted => finger printed
fingerprinting => finger printing
firearm => fire arm
firearms => fire arm
firefighter => fire fighter
firefighters => fire fighter
fireman => fire man
fireplace => fire place
fireplaces => fire place
fireproof => fire proof
1st => first
firstborn => first born
5 => five
flareup => flare up
flashback => flash back
flashbacks => flash back
flavour => flavor
flavours => flavor
flavoured => flavored
flavouring => flavoring
fleabite => flea bite
fleabites => flea bite
flautist => flutist
flautists => flutist
flier => flyer
fliers => flyer
f.m.c. => fmc
f.o.b. => fob
foci => focus
focussed => focused
focussing => focusing
folktale => folk tale
folktales => folk tale
feet => foot
football => foot ball
footballs => foot ball
forgo => for go
forgoes => for goes
forgoing => for going
forebrain => fore brain
forecast => fore cast
forecasts => fore cast
forecasted => fore casted
forecaster => fore caster
forecasters => fore caster
forecasting => fore casting
foregoing => fore going
foreman => fore man
forewoman => fore woman
formalise => formalize
formalised => formalized
formalises => formalizes
formalising => formalizing
formulae => formula
fornices => fornix
fortnight => fort night
fortnights => fort night
40th => fortieth
4 => four
14 => fourteen
14th => fourteenth
4th => fourth
f.p.c. => fpc
f.r. => fr
frankfort => frankfurt
fraternisation => fraternization
fraternise => fraternize
fraternised => fraternized
fraterniser => fraternizer
fraternises => fraternizes
fraternising => fraternizing
f.r.d. => frd
freelance => free lance
freelanced => free lanced
freelancer => free lancer
freelancers => free lancer
freelances => free lances
freelancing => free lancing
fresco => frescoe
frescos => frescoe
fri => friday
frontrunner => front runner
f.t.c. => ftc
fuchi => fuchih
fuzhi => fuchih
fuelled => fueled
fuelling => fueling
fuxiang => fuhsiang
fukien => fujian
fulfilment => fulfillment
fullfledged => full fledged
fullpage => full page
fullscale => full scale
fulltime => full time
fulness => fullness
fundraiser => fund raiser
fundraising => fund raising
fungus => fungi
foochow => fuzhou
gallbladder => gall bladder
gallbladders => gall bladder
gallstone => gall stone
gallstones => gall stone
kansu => gansu
garotte => garrote
garotted => garroted
garotter => garroter
garotters => garroter
garottes => garrotes
garotting => garroting
garottings => garroting
gastroesophageal => gastro esophageal
gastrointestinal => gastro intestinal
gateway => gate way
gateways => gate way
g.c.m. => gcm
gelatine => gelatin
genus => genera
generalisation => generalization
generalise => generalize
generalised => generalized
generalises => generalizes
generalising => generalizing
geneve => geneva
ginevra => geneva
genova => genoa
allemagne => germany
deutschland => germany
gand => ghent
gent => ghent
qotbzadeh => ghotbzadeh
gladiola => gladiolus
glamour => glamor
glamours => glamor
glamourisation => glamorization
glamourise => glamorize
glamourised => glamorized
glamourises => glamorizes
glamourising => glamorizing
glamourous => glamorous
glucocorticoid => gluco corticoid
glycerin => glycerine
godchild => god child
godchildren => god child
goitre => goiter
goitres => goiter
goitred => goitered
gonorrhea => gonorrhoea
goodby => goodbye
geese => goose
gothenburg => goteborg
gramme => gram
granddaughter => grand daughter
granddaughters => grand daughter
grandfather => grand father
grandfathers => grand father
grandmother => grand mother
grandmothers => grand mother
grandson => grand son
grandsons => grand son
granter => grantor
granters => grantor
gray => grey
grays => grey
grayed => greyed
grayer => greyer
graying => greying
grovelled => groveled
grovelling => groveling
grownup => grown up
grownups => grown up
griffin => gryphon
griffins => gryphon
kwangtung => guangdong
kwangsi => guangxi
canton => guangzhou
kweilin => guilin
kweiyang => guiyang
kweichow => guizhou
guenther => gunther
gynaecological => gynecological
gynaecologist => gynecologist
gynaecology => gynecology
gipsies => gypsy
gipsy => gypsy
gravenhage => hague
sgravenhage => hague
hefa => haifa
haidang => haitang
colemerik => hakkari
halves => half
halfway => half way
halluces => hallux
handball => hand ball
handballs => hand ball
handmade => hand made
hangover => hang over
hangovers => hang over
hangchow => hangzhou
hanxiang => hanhsiang
hannover => hanover
chanukah => hanukah
harbour => harbor
harbours => harbor
harboured => harbored
harbouring => harboring
hardware => hard ware
hardwares => hard ware
harelip => hare lip
harelips => hare lip
hearken => harken
hearkened => harkened
hearkening => harkening
hearkens => harkens
harmonisation => harmonization
harmonise => harmonize
harmonised => harmonized
harmoniser => harmonizer
harmonisers => harmonizer
harmonises => harmonizes
harmonising => harmonizing
chassidim => hassidim
headhunter => head hunter
headhunters => head hunter
headlong => head long
headquartered => head quartered
headquarters => head quarters
headset => head set
headsets => head set
heartbeat => heart beat
heartbeats => heart beat
hopei => hebei
hectogramme => hectogram
hectolitre => hectoliter
hectometre => hectometer
hofei => hefei
hexun => hehsun
heilungkiang => heilongjiang
helices => helix
helsingfors => helsinki
haematologic => hematologic
haematological => hematological
haematology => hematology
haematuria => hematuria
haemoglobin => hemoglobin
haemorrhage => hemorrhage
haemorrhages => hemorrhage
haemorrhaged => hemorrhaged
haemorrhaging => hemorrhaging
honan => henan
heroiba => herat
herauabad => herowabad
dhew => hew
h.e.w. => hew
dhhs => hhs
hiccough => hiccup
hiccoughs => hiccup
hiccoughed => hiccupped
highway => high way
highways => high way
hippie => hippy
hippies => hippy
hitchhike => hitch hike
hitchhikes => hitch hike
hitchhiked => hitch hiked
hitchhiker => hitch hiker
hitchhikers => hitch hiker
hitchhiking => hitch hiking
hejiao => hochiao
heqiao => hochiao
holdover => hold over
holdovers => hold over
homeowner => home owner
homeowners => home owner
homoeopathic => homeopathic
homoeopathy => homeopathy
honeybee => honey bee
honeybees => honey bee
honour => honor
honours => honor
honourable => honorable
honoured => honored
honouring => honoring
hookworm => hook worm
hookworms => hook worm
heshou => hoshou
hotline => hot line
housebreaking => house breaking
housebroken => house broken
housetrain => house train
housetrained => house trained
xi => hsi
xiang => hsiang
xiangjian => hsiangchien
xiangqian => hsiangchien
xiangshan => hsiangshan
xiao => hsiao
xiaoguang => hsiaokuang
xiaokuang => hsiaokuang
xiaoping => hsiaoping
xie => hsieh
xian => hsien
xianchu => hsienchu
xianju => hsienchu
xianqu => hsienchu
xianzhu => hsienchu
xiannian => hsiennien
xianshun => hsienshun
xilian => hsilien
xin => hsin
xinan => hsinan
xinzheng => hsincheng
xinchu => hsinchu
xinzhu => hsinchu
xinchong => hsinchung
xinzhong => hsinchung
xingchi => hsingchih
xingzhi => hsingchih
xinran => hsinjan
xinting => hsinting
xiping => hsiping
xidong => hsitung
xiuchuan => hsiuchuan
xiujuan => hsiuchuan
xiuquan => hsiuchuan
xiuzhuan => hsiuchuan
xiuxiu => hsiuhsiu
xiulong => hsiulung
xiong => hsiung
xiyao => hsiyao
xu => hsu
xuegong => hsuehkung
xuekong => hsuehkung
huaixiang => huaihsiang
huacong => huantsung
huanzong => huantsung
hupeh => hubei
hujia => huchia
huqia => huchia
h.u.d. => hud
hodeida => hudaydah
hofuf => hufuf
huhehot => huhhot
huibao => huipao
humanisation => humanization
humanise => humanize
humanised => humanized
humanises => humanizes
humanising => humanizing
humour => humor
humoured => humored
humouring => humoring
humourous => humorous
humours => humors
hungerstrike => hunger strike
honggun => hungkun
hongkun => hungkun
hongliang => hungliang
hongwen => hungwen
huojing => huoching
huoqing => huoching
hydrophobia => hydro phobia
hyaena => hyena
hyaenas => hyena
hyperactive => hyper active
hyperreact => hyper react
hyperreactive => hyper reactive
hyperreactivity => hyper reactivity
hyperreflexia => hyper reflexia
hyperresponsive => hyper responsive
hyperresponsiveness => hyper responsive
hypersensitivities => hyper sensitivity
hypersensitivity => hyper sensitivity
hypertension => hyper tension
hypertensive => hyper tensive
hypnotisable => hypnotizable
hypnotise => hypnotize
hypnotised => hypnotized
hypnotiser => hypnotizer
hypnotises => hypnotizes
hypnotising => hypnotizing
hypotheses => hypothesis
iamb => iambus
i.c.c. => icc
ideograph => ideogram
ideographs => ideogram
idyl => idyll
ikon => icon
ikons => icon
ileoanal => ileo anal
ileorectal => ileo rectal
immobilisation => immobilization
immobilise => immobilize
immobilised => immobilized
immobiliser => immobilizer
immobilisers => immobilizer
immobilises => immobilizes
immobilising => immobilizing
imperilled => imperiled
imperilling => imperiling
indepth => in depth
indoor => in door
indoors => in door
inpatient => in patient
inpatients => in patient
indices => index
indochina => indo china
industrialisation => industrialization
industrialise => industrialize
industrialised => industrialized
industrialises => industrializes
industrialising => industrializing
industrywide => industry wide
inflexion => inflection
infrared => infra red
infrareds => infra red
enquire => inquire
enquired => inquired
enquirer => inquirer
enquires => inquires
enquiring => inquiring
enquiries => inquiry
enquiry => inquiry
institutionalisation => institutionalization
institutionalise => institutionalize
institutionalises => institutionalize
institutionalised => institutionalized
institutionalising => institutionalizing
interact => inter act
interacted => inter acted
interacting => inter acting
interaction => inter action
interactions => inter action
interacts => inter acts
intercollegiate => inter collegiate
intercontinental => inter continental
interface => inter face
interfaces => inter face
interfaced => inter faced
interfacing => inter facing
interracial => inter racial
interstate => inter state
interstates => inter state
intramural => intra mural
intramurals => intra mural
intrastate => intra state
intrastates => intra state
enure => inure
ionise => ionize
ionised => ionized
ionises => ionizes
ionising => ionizing
persia => iran
i.r.b. => irb
i.r.c. => irc
eire => ireland
i.r.s. => irs
yisrael => israel
byzantium => istanbul
constantinople => istanbul
italia => italy
ibiza => iviza
yafa => jaffa
yafo => jaffa
gaol => jail
gaols => jail
gaoled => jailed
gaoler => jailer
gaolers => jailer
gaoling => jailing
djakarta => jakarta
jan => january
jasmin => jasmine
jawbone => jaw bone
jawbones => jaw bone
jedda => jeddah
jeddan => jeddah
jidda => jeddah
jiddah => jeddah
juddah => jeddah
ren => jen
renjiong => jenchiung
renqiong => jenchiung
renchong => jenchung
renzhong => jenchung
renxia => jenhsia
jeopardise => jeopardize
jeopardised => jeopardized
jeopardises => jeopardizes
jeopardising => jeopardizing
yerushalayim => jerusalem
jewellery => jewelry
kiangsu => jiangsu
kiangsi => jiangxi
kirin => jilin
tsinan => jinan
jiujitsu => jiu jitsu
jiujutsu => jiu jitsu
jiu jutsu => jiu jitsu
jiujutsus => jiu jitsu
juijitsu => jiu jitsu
jui jitsu => jiu jitsu
juijutsu => jiu jitsu
jui jutsu => jiu jitsu
jujitsu => jiu jitsu
ju jitsu => jiu jitsu
jujutsu => jiu jitsu
ju jutsu => jiu jitsu
chiuchiang => jiujiang
judgmental => judgemental
judgment => judgement
yugoslavia => jugoslavia
ruishan => juishan
jul => july
jun => june
rongchen => jungchen
rongzhen => jungchen
rongli => jungli
kaboul => kabul
kahnu => kahnuj
gaihui => kaihui
cassel => kassel
gecheng => kecheng
gezheng => kecheng
kezheng => kecheng
gehua => kehua
geng => keng
keratoconjunctiviti => kerato conjunctivitis
shorhdab => kerman
kerosine => kerosene
catchup => ketchup
catchups => ketchup
catsup => ketchup
catsups => ketchup
gaddafi => khadaffi
kaddafi => khadaffi
khadafy => khadaffi
khaddafi => khadaffi
qaddafi => khadaffi
quaddafi => khadaffi
vasht => khash
manamah => khubar
kilogramme => kilogram
kilolitre => kiloliter
kilometre => kilometer
knockout => knock out
knockouts => knock out
guang => kuang
guangmao => kuangmao
guandao => kuangtao
guangtao => kuangtao
kuangdao => kuangtao
guangyu => kuangyu
guanhua => kuanhua
gongbao => kungpao
gongpao => kungpao
kongbao => kungpao
kongpao => kungpao
gongsi => kungsu
gongsu => kungsu
kongsi => kungsu
kongsu => kungsu
guo => kuo
guochan => kuochan
guozhan => kuochan
kuozhan => kuochan
guojing => kuoching
guoqing => kuoching
kuojing => kuoching
kuoqing => kuoching
guofeng => kuofeng
guomin => kuomin
guodong => kuotung
guotong => kuotung
kuodong => kuotung
kuotong => kuotung
guoyao => kuoyao
kuwait => kuwayt
labelled => labeled
labelling => labeling
labour => labor
labours => labor
laboured => labored
labourer => laborer
labourers => laborer
labouring => laboring
labourite => laborite
lacklustre => lackluster
lacker => lacquer
lackers => lacquer
lachrymose => lacrymose
lambaste => lambast
langueh => langeh
lanchow => lanzhou
larva => larvae
larynges => larynx
launchingpad => launch pad
launchingpads => launch pad
launchpad => launch pad
launchpads => launch pad
laundermat => laundromat
laundermats => laundromat
lawsuit => law suit
lawsuits => law suit
leaves => leaf
legalisation => legalization
legalise => legalize
legalised => legalized
legalises => legalizes
legalising => legalizing
livormo => leghom
petrograd => leningrad
letup => let up
letups => let up
leukaemia => leukemia
leucocyte => leukocyte
leucocytic => leukocytic
levelled => leveled
levelling => leveling
liangzhen => liangchen
libellous => libelous
liberalisation => liberalization
liberalise => liberalize
liberalised => liberalized
liberaliser => liberalizer
liberalises => liberalizes
liberalising => liberalizing
louse => lice
licence => license
licences => license
licenced => licensed
licencee => licensee
licencees => licensee
licencing => licensing
lijin => lichin
liqin => lichin
leirven => liege
lifeblood => life blood
lifeboat => life boat
lifeboats => life boat
lifebuoy => life buoy
lifebuoys => life buoy
lifeguard => life guard
lifeguards => life guard
lifejacket => life jacket
lifelike => life like
lifeline => life line
lifelines => life line
lifelong => life long
lifesaver => life saver
lifesavers => life saver
lifesize => life size
lifestyle => life style
lifestyles => life style
lifetime => life time
lifetimes => life time
lifework => life work
lifeworks => life work
lightheaded => light headed
ligun => likun
lingguang => lingkuang
licorice => liquorice
lisboa => lisbon
lissom => lissome
litre => liter
litres => liter
loth => loath
localisation => localization
localise => localize
localised => localized
localises => localizes
localising => localizing
loadstone => lodestone
longshoreman => long shoreman
longsighted => long sighted
longstanding => long standing
longterm => long term
longtime => long time
loch => lough
longue => lounge
longues => lounge
luta => luda
lumbodorsal => lumbo dorsal
loyang => luoyang
lustre => luster
lustres => luster
luxembourg => luxemburg
mackintosh => macintosh
mackintoshes => macintosh
maharaja => maharajah
mahjong => mahjongg
mainland => main land
mainlands => main land
mallorca => majorca
makeup => make up
makeups => make up
mammilla => mamilla
mammillary => mamillary
manoeuvre => maneuver
manoeuvres => maneuver
manoeuverability => maneuverability
manoeuverable => maneuverable
manoeuvered => maneuvered
manoeuvering => maneuvering
manila => manilla
manilas => manilla
manit => manitoba
mantova => mantua
mar => march
marihuana => marijuana
marvellous => marvelous
muscat => masqat
materialisation => materialization
materialise => materialize
materialised => materialized
materialises => materializes
materialising => materializing
matzot => matzoth
matzoz => matzoth
mosul => mawsil
maximisation => maximization
maximise => maximize
maximised => maximized
maximiser => maximizer
maximisers => maximizer
maximises => maximizes
maximising => maximizing
makkah => mecca
mechanisation => mechanization
mechanise => mechanize
mechanised => mechanized
mechanises => mechanizes
mechanising => mechanizing
medalist => medallist
medicare => medi care
medicaid => medic aid
medicaids => medic aid
mediaeval => medieval
madinah => medina
memoranda => memorandum
menanem => menachem
metre => meter
metres => meter
mejico => mexico
mouse => mice
midnight => mid night
midnights => mid night
midterm => mid term
midterms => mid term
midwest => mid west
midwestern => mid western
midwesterner => mid westerner
midwesterners => mid westerner
milano => milan
militarise => militarize
militarised => militarized
militarises => militarizes
militarising => militarizing
milligramme => milligram
milligrammes => milligram
millilitre => milliliter
millilitres => milliliter
millimetre => millimeter
millimetres => millimeter
mingzhao => mingchao
minimisation => minimization
minimise => minimize
minimised => minimized
minimiser => minimizer
minimisers => minimizer
minimises => minimizes
minimising => minimizing
shahraban => miqdadiyah
misspend => mis spend
misspending => mis spending
misspends => mis spends
misspent => mis spent
misbehaviour => misbehavior
misdemeanour => misdemeanor
mitre => miter
mitres => miter
mizvah => mitzvah
mixup => mix up
mixups => mix up
mizen => mizzen
mizens => mizzen
mobilisation => mobilization
mobilise => mobilize
mobilised => mobilized
mobilises => mobilizes
mobilising => mobilizing
modelled => modeled
modelling => modeling
modernisation => modernization
modernise => modernize
modernised => modernized
moderniser => modernizer
modernisers => modernizer
modernises => modernizes
modernising => modernizing
moruo => mojo
mould => mold
moulds => mold
moulded => molded
moulding => molding
mouldings => molding
mon => monday
mongol => mongolia
monopolise => monopolize
monopolised => monopolized
monopolises => monopolizes
monopolising => monopolizing
moskva => moscow
muscovy => moscow
moslim => muslim
mothball => moth ball
mothballs => moth ball
mothballed => moth balled
mothballing => moth balling
motorboat => motor boat
motorboats => motor boat
motorcycle => motor cycle
motorcycles => motor cycle
motorise => motorize
motorised => motorized
motorising => motorizing
m.t. => mt
muchi => muchih
muzhi => muchih
mudbath => mud bath
muhammed => mohammed
mujahedeen => mujahedin
mocha => mukhar
multicellular => multi cellular
multichannel => multi channel
multicircuit => multi circuit
multicoil => multi coil
multicolored => multi colored
multicoloured => multi colored
multi coloured => multi colored
multicylinder => multi cylinder
multidimensional => multi dimensional
multidirectional => multi directional
multifaceted => multi faceted
multifilament => multi filament
multifold => multi fold
multilateral => multi lateral
multilayered => multi layered
multilevel => multi level
multlinear => multi linear
multilingual => multi lingual
multimolecular => multi molecular
multinational => multi national
multinationals => multi national
multiphase => multi phase
multipurpose => multi purpose
multiracial => multi racial
multisegmented => multi segmented
multispeed => multi speed
multistage => multi stage
multistorey => multi story
multistory => multi story
multivalve => multi valve
multivolume => multi volume
multifibre => multifiber
muenchen => munich
munchen => munich
musclebound => muscle bound
moustache => mustache
moustaches => mustache
myriagramme => myriagram
myriametre => myriameter
mysticise => mysticize
mysticised => mysticized
mysticising => mysticizing
mythologise => mythologize
mythologised => mythologized
mythologises => mythologizes
mythologising => mythologizing
nanxiang => nanhsiang
nanking => nanjing
napoli => naple
n.a.s.a. => nasa
nasogastric => naso gastric
nasopharyngeal => naso pharyngeal
nationwide => nation wide
nationalisation => nationalization
nationalise => nationalize
nationalised => nationalized
nationaliser => nationalizer
nationalisers => nationalizer
nationalises => nationalizes
nationalising => nationalizing
navaho => navajo
navahos => navajo
nearsighted => near sighted
neighbour => neighbor
neighbours => neighbor
neighbourhood => neighborhood
neighbourhoods => neighborhood
neighbouring => neighboring
nephrotoxicity => nephro toxicity
nishapur => nerjshabur
neutralisation => neutralization
neutralise => neutralize
neutralised => neutralized
neutraliser => neutralizer
neutralisers => neutralizer
neutralises => neutralizes
neutralising => neutralizing
newborn => new born
newborns => new born
nieh => nie
nightclub => night club
nightclubs => night club
nightshift => night shift
nighttime => night time
nighttimes => night time
9 => nine
19 => nineteen
19th => nineteenth
90th => ninetieth
ningsia => ningxia
9th => ninth
nitre => niter
nitres => niter
nitro glycerin => nitro glycerine
nitroglycerin => nitro glycerine
nitroglycerine => nitro glycerine
n.l.r.b. => nlrb
normalisation => normalization
normalise => normalize
normalised => normalized
normaliser => normalizer
normalisers => normalizer
normalises => normalizes
normalising => normalizing
novelette => novella
novellas => novella
nov => november
nuclei => nucleus
nuernberg => nuremberg
nurnberg => nuremberg
n.y. => ny
oases => oasis
oct => october
o.d. => od
odour => odor
odours => odor
oecological => ecological
oecology => ecology
oecumenic => ecumenic
oecumenical => ecumenical
edema => oedemata
edemata => oedemata
oedema => oedemata
o.e.o. => oeo
oesophagus => esophagus
estrus => oestrus
offshore => off shore
offence => offense
offences => offense
omelette => omelet
online => on line
1 => one
optimisation => optimization
optimise => optimize
optimised => optimized
optimiser => optimizer
optimisers => optimizer
optimises => optimizes
optimising => optimizing
orangoutang => orangutang
organisable => organizable
organisation => organization
organisational => organizational
organise => organize
organised => organized
organiser => organizer
organisers => organizer
organises => organizes
organising => organizing
orofacial => oro facial
oropharynx => oro pharynx
orthopaedic => orthopedic
orthopaedics => orthopedic
oostende => ostende
ostend => ostende
osteoarthritis => osteo arthritis
ostrau => ostrava
ototoxicity => oto toxicity
outdated => out dated
outpatient => out patient
outpatients => out patient
outmanoeuvre => outmaneuver
outmanoeuvred => outmaneuvered
outmanoeuvring => outmaneuvering
outmanoeuvres => outmaneuvers
overexert => over exert
overexerted => over exerted
overexerting => over exerting
overexerts => over exerts
overrate => over rate
overrated => over rated
overrates => over rates
overrating => over rating
override => over ride
overrides => over ride
overriding => over riding
otc => over the counter
oxyacetylene => oxy acetylene
oxyacid => oxy acid
oxycalcium => oxy calium
pacemaker => pace maker
pacemakers => pace maker
bachong => pachung
bazhong => pachung
pachong => pachung
pazhong => pachung
padova => padua
pahlavi => pahlevi
pyjamas => pajamas
baohua => paohua
para => paragraph
paralysation => paralyzation
paralyse => paralyze
paralysed => paralyzed
paralyser => paralyzer
paralysers => paralyzer
paralyses => paralyzes
paralysing => paralyzing
parenthesis => parentheses
parlour => parlor
parlours => parlor
particoloured => particolored
partycoloured => particolored
particularisation => particularization
particularise => particularize
particularised => particularized
particularising => particularizing
pasteurisation => pasteurization
pasteurise => pasteurize
pasteuriser => pasteurizer
pasteurisers => pasteurizer
pasteurises => pasteurizes
pasteurising => pasteurizing
pastil => pastille
patronisation => patronization
patronise => patronize
patronised => patronized
patronises => patronizes
patronising => patronizing
payroll => pay roll
payrolls => pay roll
pedagog => pedagogue
pedalled => pedaled
pedalling => pedaling
paediatric => pediatric
paediatrician => pediatrician
paediatrics => pediatrics
peddlar => pedler
beixin => peihsin
peixin => peihsin
penknife => pen knife
penalise => penalize
beng => peng
bengfei => pengfei
percent => per cent
percents => per cent
petr => peter
piotr => peter
phalanges => phalanx
pharmacologic => pharmacological
pharyngoesophageal => pharyngo esophageal
pharynges => pharynx
phenomenon => phenomena
philosophise => philosophize
philosophised => philosophized
philosophises => philosophizes
philosophising => philosophizing
philtre => philter
philtres => philter
phoney => phony
photoelectric => photo electric
biao => piao
piastre => piaster
piastres => piaster
bicheng => picheng
bizheng => picheng
pizheng => picheng
bian => pien
pian => pien
pygmies => pigmy
pygmy => pigmy
pilzen => pilsen
bing => ping
bingchu => pingchu
bingju => pingchu
bingqu => pingchu
pingju => pingchu
pingqu => pingchu
binghua => pinghua
bingsun => pingsun
bingwei => pingwei
p.l. => pl
plagiarise => plagiarize
plagiarised => plagiarized
plagiariser => plagiarizer
plagiarisers => plagiarizer
plagiarises => plagiarizes
plagiarising => plagiarizing
plough => plow
ploughs => plow
ploughed => plowed
ploughing => plowing
pneumococcal => pneumo coccal
bocheng => pocheng
bozheng => pocheng
pozheng => pocheng
pointblank => point blank
polska => poland
polarisation => polarization
polarise => polarize
polarised => polarized
polariser => polarizer
polarisers => polarizer
polarises => polarizes
polarising => polarizing
poliomyelitis => polio myelitis
politicisation => politicization
politicise => politicize
politicised => politicized
politicises => politicizes
politicising => politicizing
polymerisation => polymerization
polymerise => polymerize
polymerised => polymerized
polymerises => polymerizes
polymerising => polymerizing
popularisation => popularization
popularise => popularize
popularised => popularized
populariser => popularizer
popularisers => popularizer
popularises => popularizes
popularising => popularizing
postdate => post date
postdates => post date
postdated => post dated
postdating => post dating
postdoctorate => post doctorate
postgraduate => post graduate
postgraduates => post graduate
postmortem => post mortem
postmortems => post mortem
postnuptial => post nuptial
postoperative => post operative
posteroanterior => postero anterior
posteroinferior => postero inferior
posterolateral => postero lateral
postilion => postillion
lb => pound
lbs => pound
practise => practice
practises => practice
practised => practiced
practising => practicing
praha => prague
predecease => pre decease
predeceased => pre deceased
predeceases => pre deceases
predeceasing => pre deceasing
predispose => pre dispose
predisposed => pre disposed
predisposes => pre disposes
predisposing => pre disposing
premarital => pre marital
prenatal => pre natal
premiss => premise
premisses => premise
premissed => premised
premissing => premising
praeternatural => preternatural
praetor => pretor
praetors => pretor
praetorian => pretorian
praetorit => pretorite
praetorite => pretorite
primaeval => primeval
prolife => pro life
programme => program
programmes => program
programmed => programed
programming => programing
prokofieff => prokofiev
prologue => prolog
psychoanalysis => psycho analysis
psychoanalyst => psycho analyst
psychoanalysts => psycho analyst
psychoanalytic => psycho analytic
psychoanalyse => psycho analyze
psychoanalyze => psycho analyze
psychoanalysed => psycho analyzed
psychoanalyzed => psycho analyzed
psychoanalyses => psycho analyzes
psychoanalyzes => psycho analyzes
psychoanalysing => psycho analyzing
psychoanalyzing => psycho analyzing
psychopharmacologic => psycho pharmacological
psychopharmacology => psycho pharmacology
psychophysiologic => psycho physiologic
psychophysiological => psycho physiological
psychosocial => psycho social
publicise => publicize
publicised => publicized
publicises => publicizes
publicising => publicizing
pulverise => pulverize
pulverised => pulverized
pulveriser => pulverizer
pulverises+a2353 => pulverizes
pulverising => pulverizing
pajama => pyjama
tsingtao => qingdao
chinghai => qinghai
chichihar => qiqihar
quarrelled => quarreled
quarrelling => quarreling
quartet => quartette
quintet => quintette
racket => racquet
rackets => racquet
racquetball => racquet ball
racquetballs => racquet ball
radioactive => radio active
radioactivities => radio activity
radioactivity => radio activity
radioautograph => radio autograph
radioconductor => radio conductor
radioisotope => radio isotope
radioisotopes => radio isotope
radiotherapies => radio therapy
radiotherapy => radio therapy
bahamabad => rafsanjan
ralegh => raleigh
rancour => rancor
rancours => rancor
rationalisation => rationalization
rationalise => rationalize
rationalised => rationalized
rationalises => rationalizes
rationalising => rationalizing
recount => re count
recounts => re count
recounted => re counted
recounting => re counting
recreate => re create
recreated => re created
recreates => re creates
recreating => re creating
realisation => realization
realise => realize
realised => realized
realiser => realizer
realisers => realizer
realises => realizes
realising => realizing
recognise => recognize
recognised => recognized
recognises => recognizes
recognising => recognizing
rdna => recombinant dna
reconnoitre => reconnoiter
rectosigmoid => recto sigmoid
rectovaginal => recto vaginal
reflexion => reflection
relabelled => relabeled
relabelling => relabeling
renascence => renaissance
renege => renegue
reneger => reneguer
revolutionisation => revolutionization
revolutionise => revolutionize
revolutionised => revolutionized
revolutioniser => revolutionizer
revolutionisers => revolutionizer
revolutionises => revolutionizes
revolutionising => revolutionizing
rizaiyeh => rezaiyeh
rodhos => rhode
rime => rhyme
rimes => rhyme
rimed => rhymed
riming => rhyming
rigour => rigor
rivalled => rivaled
rivalling => rivaling
riad => riyadh
riyad => riyadh
roumania => romania
rumania => romania
romanoff => romanov
roma => rome
r.s. => rs
rubdown => rub down
rubdowns => rub down
rumour => rumor
rumours => rumor
rumoured => rumored
rumouring => rumoring
rundown => run down
rundowns => run down
sabre => saber
sabres => saber
sabred => sabered
sabreing => sabering
sacroiliac => sacro iliac
sacroiliacs => sacro iliac
sacroiliitis => sacro iliitis
safed => safad
saidon => saida
sirjan => saidabad
salable => saleable
saltpetre => saltpeter
sinneh => sanandaj
sanjiang => sanchiang
sanqiang => sanchiang
sat => saturday
savanna => savannah
saviour => savior
saviours => savior
savour => savor
savours => savor
savoured => savored
savourer => savorer
savourers => savorer
savouring => savoring
savouries => savory
savoury => savory
s.c.a => sca
scollop => scallop
scollops => scallop
scolloped => scalloped
scandalisation => scandalization
scandalise => scandalize
scandalised => scandalized
scandaliser => scandalizer
scandalisers => scandalizer
scandalises => scandalizes
scandalising => scandalizing
sceptre => scepter
sceptres => scepter
schnaps => schnapps
scrutinisation => scrutinization
scrutinise => scrutinize
scrutinised => scrutinized
scrutiniser => scrutinizer
scrutinisers => scrutinizer
scrutinises => scrutinizes
scrutinising => scrutinizing
seawater => sea water
seawaters => sea water
2nd => second
sec => second
secularisation => secularization
secularise => secularize
secularised => secularized
seculariser => secularizer
secularisers => secularizer
secularises => secularizes
secularising => secularizing
semiannual => semi annual
semiaquatic => semi aquatic
semiarid => semi arid
semiattached => semi attached
semiautonomous => semi autonomous
semiconscious => semi conscious
semidetached => semi detached
semidiameter => semi diameter
semidouble => semi double
semiellipse => semi ellipse
semiellilptical => semi elliptical
semifluid => semi fluid
semihard => semi hard
semimonthly => semi monthly
semiofficial => semi official
semipermeable => semi permeable
semiprivate => semi private
semipublic => semi public
semirigid => semi rigid
semisoft => semi soft
semisolid => semi solid
semitransparent => semi transparent
semiweekly => semi weekly
semiyearly => semi yearly
sensitisation => sensitization
sensitise => sensitize
sensitised => sensitized
sensitiser => sensitizer
sensitisers => sensitizer
sensitises => sensitizes
sensitising => sensitizing
sept => september
sepulchre => sepulcher
sepulchres => sepulcher
sepulchred => sepulchered
sepulchreing => sepulchering
sergeant => serjeant
seroepidemiologic => sero epidemiologic
seroepidemiological => sero epidemiological
seronegative => sero negative
seropositive => sero positive
7 => seven
17 => seventeen
17th => seventeenth
7th => seventh
70th => seventieth
sevilla => seville
shensi => shaanxi
qomisheh => shahreza
shakeup => shake up
shakeups => shake up
shantung => shandong
shangrong => shangjung
shanggun => shangkun
shanhe => shanho
swatow => shantou
shansi => shanxi
shaoji => shaochi
shaoqi => shaochi
dilman => shapur
shareholder => share holder
shareholders => share holder
sheaves => sheaf
sheik => sheikh
shelfs => shelf
shelves => shelf
shi => shih
shien => shihen
shiwen => shihwen
shiuou => shihyu
shiyu => shihyu
shihchiachuang => shijiazhuang
shortlived => short lived
shortsighted => short sighted
shouchi => shouchih
shouzhi => shouchih
shovelled => shoveled
shoveller => shoveler
shovellers => shoveler
shovelling => shoveling
shuchi => shuchih
shuzhi => shuchih
shutoff => shut off
shutoffs => shut off
sickbed => sick bed
sickbeds => sick bed
signalled => signaled
signalling => signaling
simpleminded => simple minded
singhalese => sinhalese
syphon => siphon
syphons => siphon
syphoned => siphoned
syphoning => siphoning
6 => six
16 => sixteen
16th => sixteenth
6th => sixth
60th => sixtieth
sizable => sizeable
sceptic => skeptic
sceptics => skeptic
sceptical => skeptical
scepticism => skepticism
skilful => skillfull
slowdown => slow down
slowdowns => slow down
s.m. => sm
smashup => smash up
smashups => smash up
smokey => smoky
smoulder => smolder
smouldered => smoldered
smouldering => smoldering
smoulders => smolders
snowfall => snow fall
snowfalls => snow fall
snowstorm => snow storm
snowstorms => snow storm
snowplough => snowplow
snowploughs => snowplow
snowploughed => snowplowed
snowploughing => snowplowing
sofiya => sofia
software => soft ware
softwares => soft ware
sombre => somber
soundproof => sound proof
soundproofed => sound proofed
soundproofing => sound proofing
soundproofs => sound proofs
espana => spain
s.p.c.a. => spca
specialisation => specialization
specialise => specialize
specialised => specialized
specialises => specializes
specialising => specializing
speciality => specialty
spectre => specter
spectres => specter
splayfooted => splay footed
splenorenal => spleno renal
s.p.r. => spr
s.s.t. => sst
siyou => ssuyu
siyu => ssuyu
stabilisation => stabilization
stabilise => stabilize
stabilised => stabilized
stabiliser => stabilizer
stabilisers => stabilizer
stabilises => stabilizes
stabilising => stabilizing
standardisation => standardization
standardise => standardize
standardised => standardized
standardises => standardizes
standardising => standardizing
stanch => staunch
stanched => staunched
stancher => stauncher
stanches => staunches
stanching => staunching
steadfast => stedfast
stepbrother => step brother
stepbrothers => step brother
stepfather => step father
stepfathers => step father
stepmother => step mother
stepmothers => step mother
stepsister => step sister
stepsisters => step sister
sterilisation => sterilization
sterilise => sterilize
sterilised => sterilized
steriliser => sterilizer
sterilisers => sterilizer
sterilises => sterilizes
sterilising => sterilizing
sternoclavicular => sterno clavicular
stigma => stigmata
stigmatisation => stigmatization
stigmatise => stigmatize
stigmatised => stigmatized
stigmatises => stigmatizes
stigmatising => stigmatizing
stillborn => still born
stimulus => stimuli
stockholder => stock holder
stockholders => stock holder
stockpile => stock pile
stockpiles => stock pile
stockpiled => stock piled
stockpiling => stock piling
stomachache => stomach ache
stomachaches => stomach ache
stopgap => stop gap
stopgaps => stop gap
storey => story
straightjacket => straight jacket
strait jacket => straight jacket
straightjackets => straight jacket
straight jackets => straight jacket
straitjacket => straight jacket
straitjackets => straight jacket
strait jackets => straight jacket
strasbourg => strasburg
strassbourg => strasburg
strassburg => strasburg
studhorse => stud horse
studhorses => stud horse
stimy => stymie
subbasement => sub basement
subbasements => sub basement
subcommittee => sub committee
subcommittees => sub committee
subdivision => sub division
subdivisions => sub division
subhuman => sub human
subhumans => sub human
subsystem => sub system
subsystems => sub system
subzero => sub zero
subpena => subpoena
subpenas => subpoena
subpenaing => subpoenaing
subsidise => subsidize
subsidised => subsidized
subsidises => subsidizes
subsidising => subsidizing
succour => succor
succoured => succored
succouring => succoring
succours => succors
sulphate => sulfate
sulphates => sulfate
sulphide => sulfide
sulphides => sulfide
sulphonomide => sulfonomide
sulfor => sulfur
sulfors => sulfur
sulphur => sulfur
sulphurs => sulfur
sulfored => sulfured
sulphured => sulfured
sulphuric => sulfuric
sulforing => sulfuring
sulphuring => sulfuring
sulforous => sulfurous
sulphorous => sulfurous
sulphurous => sulfurous
summarise => summarize
summarised => summarized
summarises => summarizes
summarising => summarizing
sunday => sun
sundays => sun
sunbathe => sun bathe
sunbathed => sun bathed
sunbather => sun bather
sunbathers => sun bather
sunbathes => sun bathes
sunbathing => sun bathing
sunblind => sun blind
sunblinds => sun blind
sunglasses => sun glasses
sunlamp => sun lamp
sunlamps => sun lamp
sunspot => sun spot
sunspots => sun spot
suntan => sun tan
suntans => sun tan
supp => supplement
surfboard => surf board
surfboards => surf board
soochow => suzhou
sweatshop => sweat shop
sweatshops => sweat shop
schweiz => switzerland
suisse => switzerland
svizzera => switzerland
sillabub => syllabub
silvan => sylvan
silvans => sylvan
symbolisation => symbolization
symbolise => symbolize
symbolised => symbolized
symboliser => symbolizer
symbolisers => symbolizer
symbolises => symbolizes
symbolising => symbolizing
sympathise => sympathize
sympathised => sympathized
sympathiser => sympathizer
sympathisers => sympathizer
sympathises => sympathizes
sympathising => sympathizing
symposia => symposium
synopses => synopsis
suriyah => syria
systematisation => systematization
systematise => systematize
systematised => systematized
systematiser => systematizer
systematisers => systematizer
systematises => systematizes
systematising => systematizing
systemisation => systemization
sichuan => szechuan
szechwan => szechuan
dachi => tachih
dazhi => tachih
tachi => tachih
tazhi => tachih
tachycardia => tachy cardia
taipei => taibei
daicheng => taicheng
daizheng => taicheng
taizheng => taicheng
daichong => taichung
daizhong => taichung
taichong => taichung
taizhong => taichung
tangier => tanger
tantalise => tantalize
tantalised => tantalized
tantalising => tantalizing
tannurah => tanura
daochi => taochih
daozhi => taochih
taochi => taochih
taozhi => taochih
dasheng => tasheng
dayi => tayi
t.c. => tc
t.c.m. => tcm
t.d. => td
dechi => techih
dezhi => techih
techi => techih
tezhi => techih
dejing => teching
deqing => teching
tejing => teching
teqing => teching
technic => technique
technics => technique
teenage => teen age
teenaged => teen aged
teenager => teen ager
teenagers => teen ager
teheran => tehran
temp => temporary
temps => temporary
10 => ten
tenerif => teneriffe
deng => teng
10th => tenth
terminus => termini
terminuses => termini
terrorisation => terrorization
terrorise => terrorize
terrorised => terrorized
terroriser => terrorizer
terrorisers => terrorizer
terrorises => terrorizes
terrorising => terrorizing
desheng => tesheng
theatre => theater
theatres => theater
theorisation => theorization
theorise => theorize
theorised => theorized
theoriser => theorizer
theorisers => theorizer
theorises => theorizes
theorising => theorizing
thermometre => thermometer
thesis => theses
thieves => thief
3rd => third
13 => thirteen
13th => thirteenth
30th => thirtieth
thoracoabdominal => thoraco abdominal
3 => three
thunderstorm => thunder storm
thunderstorms => thunder storm
thurs => thursday
teintsin => tianjin
tiddly => tiddely
dianmin => tienmin
tianmin => tienmin
dianbao => tienpao
dianpao => tienpao
tianbao => tienpao
tianpao => tienpao
tightrope => tight rope
tightropes => tight rope
dingcheng => tingcheng
dingzheng => tingcheng
tingzheng => tingcheng
dingfa => tingfa
dingyi => tingyi
t.i.r. => tir
tirane => tirana
tyr => tire
tyre => tire
tyres => tire
tyrs => tire
tyred => tired
toenail => toe nail
toenails => toe nail
tolstoy => tolstoi
tonguetie => tongue tie
tonguetied => tongue tied
tonne => ton
tonnes => ton
tonsillitis => tonsilitis
tonsiliti => tonsilliti
toxaemia => toxemia
tracheobronchial => tracheo bronchial
tracheoesophageal => tracheo esophageal
trademark => trade mark
trademarks => trade mark
tradename => trade name
tradenames => trade name
tranquillity => tranquility
tranquillise => tranquilize
tranquillised => tranquilized
tranquilliser => tranquilizer
tranquillisers => tranquilizer
tranquillises => tranquilizes
tranquillising => tranquilizing
transsexual => trans sexual
transsexuals => trans sexual
travelog => travel log
travelogs => travel log
travelogue => travel log
travelogues => travel log
travelled => traveled
traveller => traveler
travellers => traveler
travelling => traveling
tricolour => tricolor
tricolours => tricolor
tricoloured => tricolored
tricolouring => tricoloring
zai => tsai
caijian => tsaichien
caiqian => tsaichien
zaijian => tsaichien
zaiqian => tsaichien
caidao => tsaitao
caitao => tsaitao
zaidao => tsaitao
zaitao => tsaitao
cangbi => tsangpi
cangpi => tsangpi
zangbi => tsangpi
zangpi => tsangpi
tsar => czar
czars => czar
tzar => czar
tzars => czar
cejian => tsechien
ceqian => tsechien
zejian => tsechien
zeqian => tsechien
cemin => tsemin
zemin => tsemin
ceng => tseng
zeng => tseng
zedong => tsetung
cichen => tsuchen
cizhen => tsuchen
cuchen => tsuchen
cuzhen => tsuchen
teuchen => tsuchen
zichen => tsuchen
zizhen => tsuchen
zuchen => tsuchen
zuzhen => tsuchen
cijiang => tsuchiang
ciqiang => tsuchiang
cujiang => tsuchiang
cuqiang => tsuchiang
zijiang => tsuchiang
ziqiang => tsuchiang
zujiang => tsuchiang
zuqiang => tsuchiang
cui => tsui
zui => tsui
zong => tsung
congxun => tsunghsun
zongxun => tsunghsun
duan => tuan
duandhen => tuanshen
duansheng => tuansheng
tue => tuesday
tues => tuesday
dui => tui
tumour => tumor
tumours => tumor
tumourous => tumorous
dongxing => tunghsing
tongxing => tunghsing
torino => turin
turkiye => turkey
12th => twelfth
12 => twelve
20th => twentieth
2 => two
tiro => tyro
tiros => tyro
tsetse => tzetze
tsetses => tzetze
zi => tzu
cijizn => tzuchien
ciqian => tzuchien
zijian => tzuchien
ziqian => tzuchien
cihua => tzuhua
zihua => tzuhua
cihuo => tzuhuo
zihuo => tzuhuo
ciyang => tzuyang
ziyang => tzuyang
ciyou => tzuyu
ciyu => tzuyu
ziyou => tzuyu
ziyu => tzuyu
u.c.c. => ucc
ultrasonic => ultra sonic
ultrasonics => ultra sonic
ultraviolet => ultra violet
unbiased => unbiassed
uncivilisable => uncivilizable
uncivilisation => uncivilization
uncivilise => uncivilize
uncivilised => uncivilized
uncivilises => uncivilizes
uncivilising => uncivilizing
unequaled => unequalled
unflavour => unflavor
unflavoured => unflavored
unflavouring => unflavoring
unionisation => unionization
unionise => unionize
unionised => unionized
unioniser => unionizer
unionisers => unionizer
unionises => unionizes
unionising => unionizing
unneighbourly => unneighborly
unorganised => unorganized
unpasteurised => unpasteurized
unrivaled => unrivalled
upend => up end
upends => up end
upended => up ended
upending => up ending
upgrade => up grade
upgrades => up grade
upgraded => up graded
upgrading => up grading
uppercase => upper case
urbanisation => urbanization
urbanise => urbanize
urbanised => urbanized
urbanises => urbanizes
urbanising => urbanizing
urumchi => urumqu
u.s.c. => usc
u.s.c.a. => usca
u.s.c.m.a. => uscma
ussr => russia
uighur => uygur
valour => valor
valours => valor
vandalise => vandalize
vandalised => vandalized
vandalises => vandalizes
vandalising => vandalizing
vapour => vapor
vapours => vapor
vapoured => vapored
vapourer => vaporer
vapourers => vaporer
vapouring => vaporing
vaporise => vaporize
vaporised => vaporized
vaporises => vaporizes
vaporising => vaporizing
varandah => veranda
verandas => veranda
vasoactive => vaso active
vasoconstriction => vaso constriction
vasoconstrictive => vaso constrictive
veld => veldt
velds => veldt
venezia => venice
vertices => vertex
victimise => victimize
victimised => victimized
victimises => victimizes
victimising => victimizing
videotape => video tape
videotapes => video tape
videotaped => video taped
videotaper => video taper
videotapers => video taper
videotaping => video taping
wien => vienna
vietnam => viet nam
vigour => vigor
vigours => vigor
stalingrad => volgograd
volleyball => volley ball
volleyballs => volley ball
vol => volume
voodoo => voo doo
voodoos => voo doo
vulvovaginal => vulvo vaginal
waggon => wagon
waggons => wagon
waggoned => wagoned
waggoner => wagoner
waggoners => wagoner
waggoning => wagoning
walkout => walk out
walkouts => walk out
warszawa => warsaw
wed => wednesday
weekend => week end
weekends => week end
weekended => week ended
weekender => week ender
weekenders => week ender
weekending => week ending
weeklong => week long
weijing => weiching
weiqing => weiching
weightlift => weight lift
weightlifting => weight lifting
weixun => weihsun
wenjin => wenchin
wenbi => wenpi
wenbing => wenping
wheelchair => wheel chair
wheelchairs => wheel chair
whisky => whiskey
whiskys => whiskey
whodunit => whodunnit
whodunits => whodunnit
wifes => wife
willful => willfull
wilful => willfull
wis => wisconsin
wishbone => wish bone
wishbones => wish bone
woollen => woolen
woollens => woolen
workday => work day
workdays => work day
workout => work out
workouts => work out
workweek => work week
workweeks => work week
worldwide => world wide
wusih => wuxi
wyo => wyoming
amoy => xiamen
hongkong => xianggang
sining => xining
sinkiang => xinjiang
tibet => xizang
yenan => yanan
yaobang => yaopang
yaoding => yaoting
yassir => yasser
yearlong => year long
ye => yeh
yanjiong => yenchiung
yanqiong => yenchiung
yanjuan => yenchuan
yanquan => yenchuan
yanzhuan => yenchuan
yiren => yijen
yingzhao => yingchao
yingxian => yinghsien
yibing => yiping
ichen => yizhen
yichen => yizhen
yoghourt => yogurt
yoghourts => yogurt
yuk => yukon
duzdab => zahedan
chekiang => zhejiang
chengchow => zhengzhou
chuang => zhuangzu
rhodesia => zimbabwe
tsunyi => zunyi
zuerich => zurich
zurigo => zurich
